,xenon,halogen1,halogen2
top,166.81363529034434,33.87114038817359,34.03908920057067
mid,149.47247335134142,77.6209905422496,100.5018817311639
bot,166.93135894753982,317.0274810998264,523.7848343920405
