,xenon,halogen
top,166.81363529034434,38.10503293669529
mid,149.47247335134142,87.32361436003079
bot,166.93135894753982,356.6559162373047
