,factor,u_relative_pct,u_squared
0,temperature,0.1,0.010000000000000002
1,area,0.2,0.04000000000000001
2,electrical,0.1,0.010000000000000002
