source,Jref_A,Jref_uncertainty_A
combined,580.1929647367009,2.9009648236835046
