source,Jref_A,Jref_uncertainty_A
xenon,379.47854523838464,1.8973927261919232
halogen1,178.41281733183658,0.8920640866591829
halogen2,233.86337780812195,1.1693168890406098
